{
	"credit": "quiktori",
	"texture_size": [32, 32],
	"textures": {
		"0": "items/hpbar",
		"particle": "items/hpbar"
	},
	"elements": [
		{
			"from": [7.5, 5.5, -3],
			"to": [7.55, 10.5, 18],
			"rotation": {"angle": 0, "axis": "y", "origin": [-1.5, -1.5, 0]},
			"faces": {
				"east": {"uv": [0, 7.5, 10.5, 10], "texture": "#0"},
				"west": {"uv": [0, 7.5, 10.5, 10], "rotation": 180, "texture": "#0"}
			}
		}
	],
	"display": {
		"firstperson_righthand": {
			"rotation": [0, -90, 0],
			"translation": [-21.75, 15.75, 0],
			"scale": [0.2, 0.2, 0.2]
		},
		"firstperson_lefthand": {
			"rotation": [0, 90, 0],
			"translation": [3.5, 15.75, 0],
			"scale": [0.2, 0.2, 0.2]
		},
		"gui": {
			"rotation": [0, -90, 0],
			"translation": [-0.25, 0.25, 0],
			"scale": [0.8, 0.8, 0.8]
		},
		"head": {
			"rotation": [0, 90, 0],
			"translation": [0, 9.25, 0],
			"scale": [1, 1, 2]
		}
	}
}