{
    "parent": "item/handheld",
    "textures": {
        "layer0": "items/diamond_hoe"
    },
        "overrides": [
        {"predicate": {"damaged": 0, "damage": 0.0005},"model": "item/stats/hpbar"},
		{"predicate": {"damaged": 0, "damage": 0.001},"model": "item/stats/hpbar20"},
		{"predicate": {"damaged": 0, "damage": 0.0015},"model": "item/stats/hpbar40"},
		{"predicate": {"damaged": 0, "damage": 0.0025},"model": "item/stats/hpbar60"},
		{"predicate": {"damaged": 0, "damage": 0.003},"model": "item/stats/hpbar80"},
		{"predicate": {"damaged": 0, "damage": 0.0035},"model": "item/helmet-blue"},
		{"predicate": {"damaged": 0, "damage": 0.004},"model": "item/helmet-red"},
		{"predicate": {"damaged": 0, "damage": 0.0045},"model": "item/klass"},
		{"predicate": {"damaged": 0, "damage": 0.0055},"model": "item/tower1"},
		{"predicate": {"damaged": 0, "damage": 0.006},"model": "item/tower2"},
		{"predicate": {"damaged": 0, "damage": 0.0065},"model": "item/tower3"},
		{"predicate": {"damaged": 0, "damage": 0.0075},"model": "item/menu"},
		{"predicate": {"damaged": 0, "damage": 0.008},"model": "item/diamond_hoe_original"},
        {"predicate": {"damaged": 1, "damage": 0},"model": "item/diamond_hoe_original"}
    ]
}