{
	"credit": "quiktori",
	"texture_size": [64, 64],
	"textures": {
		"1": "items/helmet"
	},
	"elements": [
		{
			"from": [3, 0, 3],
			"to": [13, 10, 13],
			"faces": {
				"north": {"uv": [0.008, 0.008, 2.492, 2.492], "texture": "#1"},
				"east": {"uv": [0.008, 2.508, 2.492, 4.992], "texture": "#1"},
				"south": {"uv": [2.508, 0.008, 4.992, 2.492], "texture": "#1"},
				"west": {"uv": [2.508, 2.508, 4.992, 4.992], "texture": "#1"},
				"up": {"uv": [2.492, 7.492, 0.008, 5.008], "texture": "#1"},
				"down": {"uv": [7.492, 0.008, 5.008, 2.492], "texture": "#1"}
			}
		},
		{
			"from": [3, 6, 2],
			"to": [13, 10, 3],
			"faces": {
				"north": {"uv": [8.008, 5.008, 10.492, 5.992], "texture": "#1"},
				"east": {"uv": [0.508, 9.758, 0.742, 10.742], "texture": "#1"},
				"south": {"uv": [8.008, 6.008, 10.492, 6.992], "texture": "#1"},
				"west": {"uv": [0.758, 9.758, 0.992, 10.742], "texture": "#1"},
				"up": {"uv": [9.992, 9.242, 7.508, 9.008], "texture": "#1"},
				"down": {"uv": [2.492, 9.258, 0.008, 9.492], "texture": "#1"}
			}
		},
		{
			"from": [5, 10, 3],
			"to": [11, 11, 13],
			"faces": {
				"north": {"uv": [3.008, 9.508, 4.492, 9.742], "texture": "#1"},
				"east": {"uv": [2.508, 9.258, 4.992, 9.492], "texture": "#1"},
				"south": {"uv": [4.508, 9.508, 5.992, 9.742], "texture": "#1"},
				"west": {"uv": [5.008, 9.258, 7.492, 9.492], "texture": "#1"},
				"up": {"uv": [6.492, 7.242, 5.008, 4.758], "texture": "#1"},
				"down": {"uv": [7.992, 4.758, 6.508, 7.242], "texture": "#1"}
			}
		},
		{
			"from": [9.975, 11, 1],
			"to": [10, 20, 11],
			"rotation": {"angle": -22.5, "axis": "y", "origin": [0, 0, 0]},
			"faces": {
				"east": {"uv": [2.508, 5.008, 4.992, 7.242], "texture": "#1"},
				"west": {"uv": [4.992, 5.008, 2.508, 7.242], "texture": "#1"}
			}
		},
		{
			"from": [3, 0, 2],
			"to": [13, 4, 3],
			"faces": {
				"north": {"uv": [7.508, 3.008, 9.992, 3.992], "texture": "#1"},
				"east": {"uv": [2.008, 7.508, 2.242, 8.492], "texture": "#1"},
				"south": {"uv": [8.008, 4.008, 10.492, 4.992], "texture": "#1"},
				"west": {"uv": [2.258, 7.508, 2.492, 8.492], "texture": "#1"},
				"up": {"uv": [7.492, 8.992, 5.008, 8.758], "texture": "#1"},
				"down": {"uv": [7.492, 9.008, 5.008, 9.242], "texture": "#1"}
			}
		},
		{
			"from": [13, 0, 4],
			"to": [14, 6, 12],
			"faces": {
				"north": {"uv": [9.508, 0.008, 9.742, 1.492], "texture": "#1"},
				"east": {"uv": [2.508, 7.258, 4.492, 8.742], "texture": "#1"},
				"south": {"uv": [9.508, 1.508, 9.742, 2.992], "texture": "#1"},
				"west": {"uv": [4.508, 7.258, 6.492, 8.742], "texture": "#1"},
				"up": {"uv": [8.742, 11.242, 8.508, 9.258], "texture": "#1"},
				"down": {"uv": [8.992, 9.258, 8.758, 11.242], "texture": "#1"}
			}
		},
		{
			"from": [13, 6, 5],
			"to": [14, 8, 11],
			"faces": {
				"north": {"uv": [1.008, 9.758, 1.242, 10.242], "texture": "#1"},
				"east": {"uv": [8.508, 8.008, 9.992, 8.492], "texture": "#1"},
				"south": {"uv": [1.258, 9.758, 1.492, 10.242], "texture": "#1"},
				"west": {"uv": [8.508, 8.508, 9.992, 8.992], "texture": "#1"},
				"up": {"uv": [9.742, 10.992, 9.508, 9.508], "texture": "#1"},
				"down": {"uv": [0.242, 9.758, 0.008, 11.242], "texture": "#1"}
			}
		},
		{
			"from": [2, 6, 5],
			"to": [3, 8, 11],
			"faces": {
				"north": {"uv": [1.508, 9.758, 1.742, 10.242], "texture": "#1"},
				"east": {"uv": [2.008, 8.758, 3.492, 9.242], "texture": "#1"},
				"south": {"uv": [9.758, 1.508, 9.992, 1.992], "texture": "#1"},
				"west": {"uv": [3.508, 8.758, 4.992, 9.242], "texture": "#1"},
				"up": {"uv": [9.992, 1.492, 9.758, 0.008], "texture": "#1"},
				"down": {"uv": [0.492, 9.758, 0.258, 11.242], "texture": "#1"}
			}
		},
		{
			"from": [2, 0, 4],
			"to": [3, 6, 12],
			"faces": {
				"north": {"uv": [2.008, 9.508, 2.242, 10.992], "texture": "#1"},
				"east": {"uv": [6.508, 7.258, 8.492, 8.742], "texture": "#1"},
				"south": {"uv": [2.258, 9.508, 2.492, 10.992], "texture": "#1"},
				"west": {"uv": [0.008, 7.508, 1.992, 8.992], "texture": "#1"},
				"up": {"uv": [9.242, 11.242, 9.008, 9.258], "texture": "#1"},
				"down": {"uv": [9.492, 9.258, 9.258, 11.242], "texture": "#1"}
			}
		},
		{
			"from": [4, 0, 13],
			"to": [12, 6, 14],
			"faces": {
				"north": {"uv": [7.508, 0.008, 9.492, 1.492], "texture": "#1"},
				"east": {"uv": [2.508, 9.508, 2.742, 10.992], "texture": "#1"},
				"south": {"uv": [7.508, 1.508, 9.492, 2.992], "texture": "#1"},
				"west": {"uv": [2.758, 9.508, 2.992, 10.992], "texture": "#1"},
				"up": {"uv": [1.992, 9.242, 0.008, 9.008], "texture": "#1"},
				"down": {"uv": [1.992, 9.508, 0.008, 9.742], "texture": "#1"}
			}
		},
		{
			"from": [5, 6, 13],
			"to": [11, 8, 14],
			"faces": {
				"north": {"uv": [8.508, 7.008, 9.992, 7.492], "texture": "#1"},
				"east": {"uv": [7.508, 4.008, 7.742, 4.492], "texture": "#1"},
				"south": {"uv": [8.508, 7.508, 9.992, 7.992], "texture": "#1"},
				"west": {"uv": [7.758, 4.008, 7.992, 4.492], "texture": "#1"},
				"up": {"uv": [7.492, 9.742, 6.008, 9.508], "texture": "#1"},
				"down": {"uv": [10.992, 9.258, 9.508, 9.492], "texture": "#1"}
			}
		}
	],
	"display": {
		"thirdperson_righthand": {
			"translation": [0, 5, -2.25],
			"scale": [0.7, 0.7, 0.7]
		},
		"thirdperson_lefthand": {
			"translation": [0, 4.5, -2.25],
			"scale": [0.7, 0.7, 0.7]
		},
		"firstperson_righthand": {
			"translation": [9.75, 0, -11.5]
		},
		"firstperson_lefthand": {
			"translation": [10.25, 0, -12.5]
		},
		"ground": {
			"translation": [0, 4.25, 0]
		},
		"gui": {
			"rotation": [12, 148, 0],
			"translation": [0, 1, 0]
		},
		"head": {
			"translation": [0, 4, 0],
			"scale": [1.33, 1.33, 1.33]
		},
		"fixed": {
			"translation": [0, 24, 17.75]
		}
	}
}