{
	"credit": "quiktori",
	"textures": {
		"0": "items/tower222",
		"1": "items/tower2",
		"particle": "items/tower222"
	},
	"elements": [
		{
			"from": [0, 0, 0],
			"to": [16, 1, 16],
			"faces": {
				"north": {"uv": [7, 3.75, 11, 4], "texture": "#0"},
				"east": {"uv": [7, 4, 11, 4.25], "texture": "#0"},
				"south": {"uv": [7, 4.25, 11, 4.5], "texture": "#0"},
				"west": {"uv": [7, 4.5, 11, 4.75], "texture": "#0"},
				"up": {"uv": [4, 4, 0, 0], "texture": "#0"},
				"down": {"uv": [4, 0, 0, 4], "texture": "#0"}
			}
		},
		{
			"from": [2, 1, 2],
			"to": [14, 6, 14],
			"faces": {
				"north": {"uv": [4, 6, 7, 7.25], "texture": "#0"},
				"east": {"uv": [7, 0, 10, 1.25], "texture": "#0"},
				"south": {"uv": [7, 1.25, 10, 2.5], "texture": "#0"},
				"west": {"uv": [7, 2.5, 10, 3.75], "texture": "#0"},
				"up": {"uv": [7, 3, 4, 0], "texture": "#0"},
				"down": {"uv": [7, 3, 4, 6], "texture": "#0"}
			}
		},
		{
			"from": [7.625, 21, 6.875],
			"to": [8.625, 22, 9.875],
			"faces": {
				"north": {"uv": [3, 13, 4, 14], "texture": "#1"},
				"east": {"uv": [10, 5, 13, 6], "texture": "#1"},
				"south": {"uv": [4, 13, 5, 14], "texture": "#1"},
				"west": {"uv": [10, 6, 13, 7], "texture": "#1"},
				"up": {"uv": [1, 13, 0, 10], "texture": "#1"},
				"down": {"uv": [2, 10, 1, 13], "texture": "#1"}
			}
		},
		{
			"from": [7.625, 21, 9.875],
			"to": [8.625, 26, 10.875],
			"faces": {
				"north": {"uv": [0, 0, 1, 5], "texture": "#1"},
				"east": {"uv": [1, 0, 2, 5], "texture": "#1"},
				"south": {"uv": [2, 0, 3, 5], "texture": "#1"},
				"west": {"uv": [3, 0, 4, 5], "texture": "#1"},
				"up": {"uv": [6, 14, 5, 13], "texture": "#1"},
				"down": {"uv": [14, 5, 13, 6], "texture": "#1"}
			}
		},
		{
			"from": [7.625, 25, 6.875],
			"to": [8.625, 26, 9.875],
			"faces": {
				"north": {"uv": [6, 13, 7, 14], "texture": "#1"},
				"east": {"uv": [7, 10, 10, 11], "texture": "#1"},
				"south": {"uv": [13, 6, 14, 7], "texture": "#1"},
				"west": {"uv": [10, 7, 13, 8], "texture": "#1"},
				"up": {"uv": [11, 11, 10, 8], "texture": "#1"},
				"down": {"uv": [12, 0, 11, 3], "texture": "#1"}
			}
		},
		{
			"from": [7.625, 21, 5.875],
			"to": [8.625, 26, 6.875],
			"faces": {
				"north": {"uv": [4, 0, 5, 5], "texture": "#1"},
				"east": {"uv": [0, 5, 1, 10], "texture": "#1"},
				"south": {"uv": [5, 0, 6, 5], "texture": "#1"},
				"west": {"uv": [1, 5, 2, 10], "texture": "#1"},
				"up": {"uv": [14, 8, 13, 7], "texture": "#1"},
				"down": {"uv": [11, 13, 10, 14], "texture": "#1"}
			}
		},
		{
			"from": [9.625, 22.875, 6.875],
			"to": [10.625, 23.875, 9.875],
			"faces": {
				"north": {"uv": [11, 13, 12, 14], "texture": "#1"},
				"east": {"uv": [11, 3, 14, 4], "texture": "#1"},
				"south": {"uv": [12, 13, 13, 14], "texture": "#1"},
				"west": {"uv": [11, 4, 14, 5], "texture": "#1"},
				"up": {"uv": [8, 14, 7, 11], "texture": "#1"},
				"down": {"uv": [9, 11, 8, 14], "texture": "#1"}
			}
		},
		{
			"from": [5.625, 22.875, 9.875],
			"to": [10.625, 23.875, 10.875],
			"faces": {
				"north": {"uv": [2, 5, 7, 6], "texture": "#1"},
				"east": {"uv": [13, 12, 14, 13], "texture": "#1"},
				"south": {"uv": [6, 0, 11, 1], "texture": "#1"},
				"west": {"uv": [13, 13, 14, 14], "texture": "#1"},
				"up": {"uv": [11, 2, 6, 1], "texture": "#1"},
				"down": {"uv": [7, 6, 2, 7], "texture": "#1"}
			}
		},
		{
			"from": [5.625, 22.875, 6.875],
			"to": [6.625, 23.875, 9.875],
			"faces": {
				"north": {"uv": [0, 14, 1, 15], "texture": "#1"},
				"east": {"uv": [11, 8, 14, 9], "texture": "#1"},
				"south": {"uv": [1, 14, 2, 15], "texture": "#1"},
				"west": {"uv": [9, 11, 12, 12], "texture": "#1"},
				"up": {"uv": [13, 3, 12, 0], "texture": "#1"},
				"down": {"uv": [10, 12, 9, 15], "texture": "#1"}
			}
		},
		{
			"from": [5.625, 22.875, 5.875],
			"to": [10.625, 23.875, 6.875],
			"faces": {
				"north": {"uv": [6, 2, 11, 3], "texture": "#1"},
				"east": {"uv": [2, 14, 3, 15], "texture": "#1"},
				"south": {"uv": [6, 3, 11, 4], "texture": "#1"},
				"west": {"uv": [3, 14, 4, 15], "texture": "#1"},
				"up": {"uv": [11, 5, 6, 4], "texture": "#1"},
				"down": {"uv": [7, 7, 2, 8], "texture": "#1"}
			}
		},
		{
			"from": [5.625, 21, 8],
			"to": [6.625, 26, 9],
			"faces": {
				"north": {"uv": [7, 5, 8, 10], "texture": "#1"},
				"east": {"uv": [2, 8, 3, 13], "texture": "#1"},
				"south": {"uv": [3, 8, 4, 13], "texture": "#1"},
				"west": {"uv": [4, 8, 5, 13], "texture": "#1"},
				"up": {"uv": [15, 4, 14, 3], "texture": "#1"},
				"down": {"uv": [5, 14, 4, 15], "texture": "#1"}
			}
		},
		{
			"from": [6.625, 25, 8],
			"to": [9.625, 26, 9],
			"faces": {
				"north": {"uv": [11, 9, 14, 10], "texture": "#1"},
				"east": {"uv": [14, 4, 15, 5], "texture": "#1"},
				"south": {"uv": [11, 10, 14, 11], "texture": "#1"},
				"west": {"uv": [5, 14, 6, 15], "texture": "#1"},
				"up": {"uv": [13, 13, 10, 12], "texture": "#1"},
				"down": {"uv": [15, 11, 12, 12], "texture": "#1"}
			}
		},
		{
			"from": [9.625, 21, 8],
			"to": [10.625, 26, 9],
			"faces": {
				"north": {"uv": [5, 8, 6, 13], "texture": "#1"},
				"east": {"uv": [8, 5, 9, 10], "texture": "#1"},
				"south": {"uv": [6, 8, 7, 13], "texture": "#1"},
				"west": {"uv": [9, 5, 10, 10], "texture": "#1"},
				"up": {"uv": [15, 6, 14, 5], "texture": "#1"},
				"down": {"uv": [7, 14, 6, 15], "texture": "#1"}
			}
		},
		{
			"from": [6.625, 21, 8],
			"to": [9.625, 22, 9],
			"faces": {
				"north": {"uv": [0, 13, 3, 14], "texture": "#1"},
				"east": {"uv": [14, 6, 15, 7], "texture": "#1"},
				"south": {"uv": [13, 0, 16, 1], "texture": "#1"},
				"west": {"uv": [7, 14, 8, 15], "texture": "#1"},
				"up": {"uv": [16, 2, 13, 1], "texture": "#1"},
				"down": {"uv": [16, 2, 13, 3], "texture": "#1"}
			}
		},
		{
			"from": [2, 0.61732, 9.92388],
			"to": [4, 7.61732, 11.92388],
			"rotation": {"angle": 22.5, "axis": "z", "origin": [1, 0.61732, -1.07612]},
			"faces": {
				"north": {"uv": [9.5, 6.5, 10, 8.25], "texture": "#0"},
				"east": {"uv": [9.5, 8.25, 10, 10], "texture": "#0"},
				"south": {"uv": [0, 9.75, 0.5, 11.5], "texture": "#0"},
				"west": {"uv": [0.5, 9.75, 1, 11.5], "texture": "#0"},
				"up": {"uv": [12.75, 6, 12.25, 5.5], "texture": "#0"},
				"down": {"uv": [12.75, 6, 12.25, 6.5], "texture": "#0"}
			}
		},
		{
			"from": [-0.7299, 7.46716, 9.94888],
			"to": [1.2201, 12.46716, 11.89888],
			"rotation": {"angle": 0, "axis": "x", "origin": [-1.7549, 7.46716, -1.07612]},
			"faces": {
				"north": {"uv": [11, 8.75, 11.5, 10], "texture": "#0"},
				"east": {"uv": [10, 11, 10.5, 12.25], "texture": "#0"},
				"south": {"uv": [11, 10, 11.5, 11.25], "texture": "#0"},
				"west": {"uv": [10.5, 11, 11, 12.25], "texture": "#0"},
				"up": {"uv": [12.75, 5, 12.25, 4.5], "texture": "#0"},
				"down": {"uv": [12.75, 5, 12.25, 5.5], "texture": "#0"}
			}
		},
		{
			"from": [-0.52654, 13.61521, 9.92388],
			"to": [1.47346, 16.61521, 11.92388],
			"rotation": {"angle": -22.5, "axis": "z", "origin": [-3.52654, 13.61521, -1.07612]},
			"faces": {
				"north": {"uv": [8, 11.25, 8.5, 12], "texture": "#0"},
				"east": {"uv": [8.5, 11.25, 9, 12], "texture": "#0"},
				"south": {"uv": [9, 11.25, 9.5, 12], "texture": "#0"},
				"west": {"uv": [9.5, 11.25, 10, 12], "texture": "#0"},
				"up": {"uv": [12.75, 4.5, 12.25, 4], "texture": "#0"},
				"down": {"uv": [5, 12.25, 4.5, 12.75], "texture": "#0"}
			}
		},
		{
			"from": [2, 0.61732, 3.92388],
			"to": [4, 7.61732, 5.92388],
			"rotation": {"angle": 22.5, "axis": "z", "origin": [1, 0.61732, -7.07612]},
			"faces": {
				"north": {"uv": [9, 8.25, 9.5, 10], "texture": "#0"},
				"east": {"uv": [4, 9.25, 4.5, 11], "texture": "#0"},
				"south": {"uv": [4.5, 9.25, 5, 11], "texture": "#0"},
				"west": {"uv": [9.5, 4.75, 10, 6.5], "texture": "#0"},
				"up": {"uv": [12.75, 4, 12.25, 3.5], "texture": "#0"},
				"down": {"uv": [4.5, 12.25, 4, 12.75], "texture": "#0"}
			}
		},
		{
			"from": [-0.7049, 7.46716, 3.94888],
			"to": [1.1951, 12.46716, 5.89888],
			"rotation": {"angle": 0, "axis": "x", "origin": [-1.7549, 7.46716, -7.07612]},
			"faces": {
				"north": {"uv": [4.5, 11, 5, 12.25], "texture": "#0"},
				"east": {"uv": [11, 5, 11.5, 6.25], "texture": "#0"},
				"south": {"uv": [11, 6.25, 11.5, 7.5], "texture": "#0"},
				"west": {"uv": [11, 7.5, 11.5, 8.75], "texture": "#0"},
				"up": {"uv": [12.75, 3, 12.25, 2.5], "texture": "#0"},
				"down": {"uv": [12.75, 3, 12.25, 3.5], "texture": "#0"}
			}
		},
		{
			"from": [-0.52654, 13.61521, 3.92388],
			"to": [1.47346, 19.61521, 5.92388],
			"rotation": {"angle": -22.5, "axis": "z", "origin": [-3.52654, 13.61521, -7.07612]},
			"faces": {
				"north": {"uv": [3, 9.75, 3.5, 11.25], "texture": "#0"},
				"east": {"uv": [3.5, 9.75, 4, 11.25], "texture": "#0"},
				"south": {"uv": [10, 0, 10.5, 1.5], "texture": "#0"},
				"west": {"uv": [10, 1.5, 10.5, 3], "texture": "#0"},
				"up": {"uv": [12.75, 2.5, 12.25, 2], "texture": "#0"},
				"down": {"uv": [3, 12.25, 2.5, 12.75], "texture": "#0"}
			}
		},
		{
			"from": [4, 0.61732, 2.07612],
			"to": [6, 7.61732, 4.07612],
			"rotation": {"angle": -22.5, "axis": "x", "origin": [-7, 0.61732, 1.07612]},
			"faces": {
				"north": {"uv": [5, 7.25, 5.5, 9], "texture": "#0"},
				"east": {"uv": [5.5, 7.25, 6, 9], "texture": "#0"},
				"south": {"uv": [6, 7.25, 6.5, 9], "texture": "#0"},
				"west": {"uv": [6.5, 7.25, 7, 9], "texture": "#0"},
				"up": {"uv": [12.25, 2.5, 11.75, 2], "texture": "#0"},
				"down": {"uv": [12.25, 2.5, 11.75, 3], "texture": "#0"}
			}
		},
		{
			"from": [4.05, 7.46716, -0.65378],
			"to": [5.95, 12.46716, 1.29622],
			"rotation": {"angle": 0, "axis": "x", "origin": [-7, 7.46716, -1.67878]},
			"faces": {
				"north": {"uv": [10, 4.75, 10.5, 6], "texture": "#0"},
				"east": {"uv": [10, 6, 10.5, 7.25], "texture": "#0"},
				"south": {"uv": [10, 7.25, 10.5, 8.5], "texture": "#0"},
				"west": {"uv": [7.5, 10, 8, 11.25], "texture": "#0"},
				"up": {"uv": [12.25, 3.5, 11.75, 3], "texture": "#0"},
				"down": {"uv": [12.25, 3.5, 11.75, 4], "texture": "#0"}
			}
		},
		{
			"from": [4, 13.61521, -0.45042],
			"to": [6, 21.61521, 1.54958],
			"rotation": {"angle": 22.5, "axis": "x", "origin": [-7, 13.61521, -3.45042]},
			"faces": {
				"north": {"uv": [7, 4.75, 7.5, 6.75], "texture": "#0"},
				"east": {"uv": [7, 6.75, 7.5, 8.75], "texture": "#0"},
				"south": {"uv": [4, 7.25, 4.5, 9.25], "texture": "#0"},
				"west": {"uv": [4.5, 7.25, 5, 9.25], "texture": "#0"},
				"up": {"uv": [12.25, 4.5, 11.75, 4], "texture": "#0"},
				"down": {"uv": [12.25, 4.5, 11.75, 5], "texture": "#0"}
			}
		},
		{
			"from": [10, 0.61732, 2.07612],
			"to": [12, 7.61732, 4.07612],
			"rotation": {"angle": -22.5, "axis": "x", "origin": [-1, 0.61732, 1.07612]},
			"faces": {
				"north": {"uv": [7.5, 4.75, 8, 6.5], "texture": "#0"},
				"east": {"uv": [7.5, 6.5, 8, 8.25], "texture": "#0"},
				"south": {"uv": [0, 8, 0.5, 9.75], "texture": "#0"},
				"west": {"uv": [0.5, 8, 1, 9.75], "texture": "#0"},
				"up": {"uv": [7.5, 12.25, 7, 11.75], "texture": "#0"},
				"down": {"uv": [12.25, 7, 11.75, 7.5], "texture": "#0"}
			}
		},
		{
			"from": [10.075, 7.46716, -0.62878],
			"to": [11.925, 12.46716, 1.27122],
			"rotation": {"angle": 0, "axis": "x", "origin": [-1, 7.46716, -1.67878]},
			"faces": {
				"north": {"uv": [8, 10, 8.5, 11.25], "texture": "#0"},
				"east": {"uv": [8.5, 10, 9, 11.25], "texture": "#0"},
				"south": {"uv": [10, 8.5, 10.5, 9.75], "texture": "#0"},
				"west": {"uv": [9, 10, 9.5, 11.25], "texture": "#0"},
				"up": {"uv": [12.25, 6.5, 11.75, 6], "texture": "#0"},
				"down": {"uv": [12.25, 6.5, 11.75, 7], "texture": "#0"}
			}
		},
		{
			"from": [10.05, 13.61521, -0.45042],
			"to": [11.95, 17.61521, 1.54958],
			"rotation": {"angle": 22.5, "axis": "x", "origin": [-1, 13.61521, -3.45042]},
			"faces": {
				"north": {"uv": [1, 11.25, 1.5, 12.25], "texture": "#0"},
				"east": {"uv": [1.5, 11.25, 2, 12.25], "texture": "#0"},
				"south": {"uv": [2, 11.25, 2.5, 12.25], "texture": "#0"},
				"west": {"uv": [2.5, 11.25, 3, 12.25], "texture": "#0"},
				"up": {"uv": [12.25, 5.5, 11.75, 5], "texture": "#0"},
				"down": {"uv": [12.25, 5.5, 11.75, 6], "texture": "#0"}
			}
		},
		{
			"from": [11.84776, 0.61732, 3.92388],
			"to": [13.84776, 7.61732, 5.92388],
			"rotation": {"angle": -22.5, "axis": "z", "origin": [14.84776, 0.61732, -7.07612]},
			"faces": {
				"north": {"uv": [8.5, 8.25, 9, 10], "texture": "#0"},
				"east": {"uv": [7, 8.75, 7.5, 10.5], "texture": "#0"},
				"south": {"uv": [9, 4.75, 9.5, 6.5], "texture": "#0"},
				"west": {"uv": [5, 9, 5.5, 10.75], "texture": "#0"},
				"up": {"uv": [8.5, 12.5, 8, 12], "texture": "#0"},
				"down": {"uv": [9, 12, 8.5, 12.5], "texture": "#0"}
			}
		},
		{
			"from": [14.65266, 7.46716, 3.94888],
			"to": [16.55266, 12.46716, 5.89888],
			"rotation": {"angle": 0, "axis": "x", "origin": [17.60266, 7.46716, -7.07612]},
			"faces": {
				"north": {"uv": [5.5, 10.75, 6, 12], "texture": "#0"},
				"east": {"uv": [6, 10.75, 6.5, 12], "texture": "#0"},
				"south": {"uv": [6.5, 10.75, 7, 12], "texture": "#0"},
				"west": {"uv": [11, 0, 11.5, 1.25], "texture": "#0"},
				"up": {"uv": [7, 12.5, 6.5, 12], "texture": "#0"},
				"down": {"uv": [8, 12, 7.5, 12.5], "texture": "#0"}
			}
		},
		{
			"from": [14.3743, 13.61521, 3.92388],
			"to": [16.3743, 18.61521, 5.92388],
			"rotation": {"angle": 22.5, "axis": "z", "origin": [19.3743, 13.61521, -7.07612]},
			"faces": {
				"north": {"uv": [10.5, 7.25, 11, 8.5], "texture": "#0"},
				"east": {"uv": [10.5, 8.5, 11, 9.75], "texture": "#0"},
				"south": {"uv": [10.5, 9.75, 11, 11], "texture": "#0"},
				"west": {"uv": [5, 10.75, 5.5, 12], "texture": "#0"},
				"up": {"uv": [6, 12.5, 5.5, 12], "texture": "#0"},
				"down": {"uv": [6.5, 12, 6, 12.5], "texture": "#0"}
			}
		},
		{
			"from": [11.84776, 0.61732, 9.92388],
			"to": [13.84776, 7.61732, 11.92388],
			"rotation": {"angle": -22.5, "axis": "z", "origin": [14.84776, 0.61732, -1.07612]},
			"faces": {
				"north": {"uv": [5.5, 9, 6, 10.75], "texture": "#0"},
				"east": {"uv": [6, 9, 6.5, 10.75], "texture": "#0"},
				"south": {"uv": [6.5, 9, 7, 10.75], "texture": "#0"},
				"west": {"uv": [9, 6.5, 9.5, 8.25], "texture": "#0"},
				"up": {"uv": [2, 12.75, 1.5, 12.25], "texture": "#0"},
				"down": {"uv": [2.5, 12.25, 2, 12.75], "texture": "#0"}
			}
		},
		{
			"from": [14.65266, 7.46716, 9.94888],
			"to": [16.55266, 12.46716, 11.89888],
			"rotation": {"angle": 0, "axis": "x", "origin": [17.60266, 7.46716, -1.07612]},
			"faces": {
				"north": {"uv": [11, 1.25, 11.5, 2.5], "texture": "#0"},
				"east": {"uv": [11, 2.5, 11.5, 3.75], "texture": "#0"},
				"south": {"uv": [11, 3.75, 11.5, 5], "texture": "#0"},
				"west": {"uv": [4, 11, 4.5, 12.25], "texture": "#0"},
				"up": {"uv": [12.25, 12.5, 11.75, 12], "texture": "#0"},
				"down": {"uv": [1.5, 12.25, 1, 12.75], "texture": "#0"}
			}
		},
		{
			"from": [14.3743, 13.61521, 9.92388],
			"to": [16.3743, 16.61521, 11.92388],
			"rotation": {"angle": 22.5, "axis": "z", "origin": [19.3743, 13.61521, -1.07612]},
			"faces": {
				"north": {"uv": [10, 3, 10.5, 3.75], "texture": "#0"},
				"east": {"uv": [3, 11.25, 3.5, 12], "texture": "#0"},
				"south": {"uv": [3.5, 11.25, 4, 12], "texture": "#0"},
				"west": {"uv": [7.5, 11.25, 8, 12], "texture": "#0"},
				"up": {"uv": [9.5, 12.5, 9, 12], "texture": "#0"},
				"down": {"uv": [10, 12, 9.5, 12.5], "texture": "#0"}
			}
		},
		{
			"from": [10, 0.61732, 11.92388],
			"to": [12, 7.61732, 13.92388],
			"rotation": {"angle": 22.5, "axis": "x", "origin": [-1, 0.61732, 14.92388]},
			"faces": {
				"north": {"uv": [7.5, 8.25, 8, 10], "texture": "#0"},
				"east": {"uv": [8, 8.25, 8.5, 10], "texture": "#0"},
				"south": {"uv": [8.5, 4.75, 9, 6.5], "texture": "#0"},
				"west": {"uv": [8.5, 6.5, 9, 8.25], "texture": "#0"},
				"up": {"uv": [4, 12.5, 3.5, 12], "texture": "#0"},
				"down": {"uv": [5.5, 12, 5, 12.5], "texture": "#0"}
			}
		},
		{
			"from": [10.05, 7.46716, 14.70378],
			"to": [11.95, 12.46716, 16.65378],
			"rotation": {"angle": 0, "axis": "x", "origin": [-1, 7.46716, 17.67878]},
			"faces": {
				"north": {"uv": [10.5, 2.5, 11, 3.75], "texture": "#0"},
				"east": {"uv": [10.5, 4.75, 11, 6], "texture": "#0"},
				"south": {"uv": [10.5, 6, 11, 7.25], "texture": "#0"},
				"west": {"uv": [7, 10.5, 7.5, 11.75], "texture": "#0"},
				"up": {"uv": [12.25, 12, 11.75, 11.5], "texture": "#0"},
				"down": {"uv": [3.5, 12, 3, 12.5], "texture": "#0"}
			}
		},
		{
			"from": [10, 13.61521, 14.45042],
			"to": [12, 20.61521, 16.45042],
			"rotation": {"angle": -22.5, "axis": "x", "origin": [-1, 13.61521, 19.45042]},
			"faces": {
				"north": {"uv": [3, 8, 3.5, 9.75], "texture": "#0"},
				"east": {"uv": [3.5, 8, 4, 9.75], "texture": "#0"},
				"south": {"uv": [8, 4.75, 8.5, 6.5], "texture": "#0"},
				"west": {"uv": [8, 6.5, 8.5, 8.25], "texture": "#0"},
				"up": {"uv": [12.25, 11, 11.75, 10.5], "texture": "#0"},
				"down": {"uv": [12.25, 11, 11.75, 11.5], "texture": "#0"}
			}
		},
		{
			"from": [4, 0.61732, 11.92388],
			"to": [6, 7.61732, 13.92388],
			"rotation": {"angle": 22.5, "axis": "x", "origin": [-7, 0.61732, 14.92388]},
			"faces": {
				"north": {"uv": [1, 8, 1.5, 9.75], "texture": "#0"},
				"east": {"uv": [1.5, 8, 2, 9.75], "texture": "#0"},
				"south": {"uv": [2, 8, 2.5, 9.75], "texture": "#0"},
				"west": {"uv": [2.5, 8, 3, 9.75], "texture": "#0"},
				"up": {"uv": [12.25, 10, 11.75, 9.5], "texture": "#0"},
				"down": {"uv": [12.25, 10, 11.75, 10.5], "texture": "#0"}
			}
		},
		{
			"from": [4.05, 7.46716, 14.70378],
			"to": [5.95, 12.46716, 16.65378],
			"rotation": {"angle": 0, "axis": "x", "origin": [-7, 7.46716, 17.67878]},
			"faces": {
				"north": {"uv": [9.5, 10, 10, 11.25], "texture": "#0"},
				"east": {"uv": [10, 9.75, 10.5, 11], "texture": "#0"},
				"south": {"uv": [10.5, 0, 11, 1.25], "texture": "#0"},
				"west": {"uv": [10.5, 1.25, 11, 2.5], "texture": "#0"},
				"up": {"uv": [12.25, 9, 11.75, 8.5], "texture": "#0"},
				"down": {"uv": [12.25, 9, 11.75, 9.5], "texture": "#0"}
			}
		},
		{
			"from": [4, 13.61521, 14.45042],
			"to": [6, 19.61521, 16.45042],
			"rotation": {"angle": -22.5, "axis": "x", "origin": [-7, 13.61521, 19.45042]},
			"faces": {
				"north": {"uv": [1, 9.75, 1.5, 11.25], "texture": "#0"},
				"east": {"uv": [1.5, 9.75, 2, 11.25], "texture": "#0"},
				"south": {"uv": [2, 9.75, 2.5, 11.25], "texture": "#0"},
				"west": {"uv": [2.5, 9.75, 3, 11.25], "texture": "#0"},
				"up": {"uv": [12.25, 8, 11.75, 7.5], "texture": "#0"},
				"down": {"uv": [12.25, 8, 11.75, 8.5], "texture": "#0"}
			}
		}
	],
	"display": {
		"thirdperson_righthand": {
			"translation": [0, 1.5, 0],
			"scale": [0.2, 0.2, 0.2]
		},
		"thirdperson_lefthand": {
			"translation": [0, 1.5, 0],
			"scale": [0.2, 0.2, 0.2]
		},
		"firstperson_righthand": {
			"translation": [2.25, 2.75, 0],
			"scale": [0.2, 0.2, 0.2]
		},
		"firstperson_lefthand": {
			"translation": [2, 2.75, 0],
			"scale": [0.2, 0.2, 0.2]
		},
		"ground": {
			"translation": [0, 4.5, 0]
		},
		"gui": {
			"rotation": [21, 43, 0],
			"translation": [0, 0.75, 0]
		},
		"head": {
			"translation": [0, -10.75, 0],
			"scale": [4, 4, 4]
		},
		"fixed": {
			"translation": [0.5, 24.25, 17]
		}
	},
	"groups": [
		0,
		1,
		{
			"name": "group",
			"origin": [0, 0, 0],
			"color": 0,
			"children": [2, 3, 4, 5, 6, 7, 8, 9, 10, 11, 12, 13]
		},
		{
			"name": "group",
			"origin": [-7, 13.61521, 19.45042],
			"color": 0,
			"children": [14, 15, 16, 17, 18, 19, 20, 21, 22, 23, 24, 25, 26, 27, 28, 29, 30, 31, 32, 33, 34, 35, 36, 37]
		}
	]
}