{
	"credit": "quiktori",
	"texture_size": [256, 256],
	"textures": {
		"0": "items/tower3",
		"particle": "items/tower3"
	},
	"elements": [
		{
			"from": [-12, -16, -12],
			"to": [28, -12, 28],
			"faces": {
				"north": {"uv": [6.50375, 0.00375, 8.99625, 0.24625], "texture": "#0"},
				"east": {"uv": [6.50375, 0.25375, 8.99625, 0.49625], "texture": "#0"},
				"south": {"uv": [6.50375, 0.50375, 8.99625, 0.74625], "texture": "#0"},
				"west": {"uv": [6.50375, 0.75375, 8.99625, 0.99625], "texture": "#0"},
				"up": {"uv": [2.49625, 2.49625, 0.00375, 0.00375], "texture": "#0"},
				"down": {"uv": [2.49625, 2.50375, 0.00375, 4.99625], "texture": "#0"}
			}
		},
		{
			"from": [-8.39423, -12, -6.75],
			"to": [4.60577, 2, -6.748],
			"rotation": {"angle": -22.5, "axis": "y", "origin": [9.60577, 0, 1.125]},
			"faces": {
				"north": {"uv": [4.05875, 5.50375, 3.25375, 6.37125], "texture": "#0"},
				"south": {"uv": [3.25375, 5.50375, 4.05875, 6.37125], "texture": "#0"}
			}
		},
		{
			"from": [11.39423, -12, -6.75],
			"to": [24.39423, 2, -6.748],
			"rotation": {"angle": 22.5, "axis": "y", "origin": [6.39423, 0, 1.125]},
			"faces": {
				"north": {"uv": [3.25375, 5.50375, 4.05875, 6.37125], "texture": "#0"},
				"south": {"uv": [4.05875, 5.50375, 3.25375, 6.37125], "texture": "#0"}
			}
		},
		{
			"from": [22.76723, -12, 11.39423],
			"to": [22.76923, 2, 24.39423],
			"rotation": {"angle": 22.5, "axis": "y", "origin": [14.89423, 0, 6.39423]},
			"faces": {
				"east": {"uv": [3.25375, 5.50375, 4.05875, 6.37125], "texture": "#0"},
				"west": {"uv": [4.05875, 5.50375, 3.25375, 6.37125], "texture": "#0"}
			}
		},
		{
			"from": [22.76723, -12, -8.39423],
			"to": [22.76923, 2, 4.60577],
			"rotation": {"angle": -22.5, "axis": "y", "origin": [14.89423, 0, 9.60577]},
			"faces": {
				"east": {"uv": [4.05875, 5.50375, 3.25375, 6.37125], "texture": "#0"},
				"west": {"uv": [3.25375, 5.50375, 4.05875, 6.37125], "texture": "#0"}
			}
		},
		{
			"from": [-6.98077, -12, -8.39423],
			"to": [-6.97877, 2, 4.60577],
			"rotation": {"angle": 22.5, "axis": "y", "origin": [0.89423, 0, 9.60577]},
			"faces": {
				"east": {"uv": [4.05875, 5.50375, 3.25375, 6.37125], "texture": "#0"},
				"west": {"uv": [3.25375, 5.50375, 4.05875, 6.37125], "texture": "#0"}
			}
		},
		{
			"from": [-6.98077, -12, 11.39423],
			"to": [-6.97877, 2, 24.39423],
			"rotation": {"angle": -22.5, "axis": "y", "origin": [0.89423, 0, 6.39423]},
			"faces": {
				"east": {"uv": [3.25375, 5.50375, 4.05875, 6.37125], "texture": "#0"},
				"west": {"uv": [4.05875, 5.50375, 3.25375, 6.37125], "texture": "#0"}
			}
		},
		{
			"from": [-8.39423, -12, 22.91147],
			"to": [4.60577, 2, 22.91347],
			"rotation": {"angle": 22.5, "axis": "y", "origin": [9.60577, 0, 15.03847]},
			"faces": {
				"north": {"uv": [4.05875, 5.50375, 3.25375, 6.37125], "texture": "#0"},
				"south": {"uv": [3.25375, 5.50375, 4.05875, 6.37125], "texture": "#0"}
			}
		},
		{
			"from": [11.39423, -12, 22.91147],
			"to": [24.39423, 2, 22.91347],
			"rotation": {"angle": -22.5, "axis": "y", "origin": [6.39423, 0, 15.03847]},
			"faces": {
				"north": {"uv": [3.25375, 5.50375, 4.05875, 6.37125], "texture": "#0"},
				"south": {"uv": [4.05875, 5.50375, 3.25375, 6.37125], "texture": "#0"}
			}
		},
		{
			"from": [-8, -12, -8],
			"to": [24, 2, 24],
			"faces": {
				"north": {"uv": [4.50375, 0.00375, 6.49625, 0.87125], "texture": "#0"},
				"east": {"uv": [4.50375, 0.87875, 6.49625, 1.74625], "texture": "#0"},
				"south": {"uv": [4.50375, 1.75375, 6.49625, 2.62125], "texture": "#0"},
				"west": {"uv": [4.50375, 2.62875, 6.49625, 3.49625], "texture": "#0"},
				"up": {"uv": [4.49625, 1.99625, 2.50375, 0.00375], "texture": "#0"},
				"down": {"uv": [4.49625, 2.00375, 2.50375, 3.99625], "texture": "#0"}
			}
		},
		{
			"from": [-4, 2, -4],
			"to": [20, 4, 20],
			"faces": {
				"north": {"uv": [6.50375, 1.00375, 7.99625, 1.12125], "texture": "#0"},
				"east": {"uv": [6.50375, 1.12875, 7.99625, 1.24625], "texture": "#0"},
				"south": {"uv": [6.50375, 1.25375, 7.99625, 1.37125], "texture": "#0"},
				"west": {"uv": [6.50375, 1.37875, 7.99625, 1.49625], "texture": "#0"},
				"up": {"uv": [3.99625, 5.49625, 2.50375, 4.00375], "texture": "#0"},
				"down": {"uv": [5.49625, 4.00375, 4.00375, 5.49625], "texture": "#0"}
			}
		},
		{
			"from": [4, 10, 4],
			"to": [12, 32, 12],
			"faces": {
				"north": {"uv": [5.99625, 5.25375, 5.50375, 6.62125], "texture": "#0"},
				"east": {"uv": [5.50375, 5.25375, 5.99625, 6.62125], "texture": "#0"},
				"south": {"uv": [5.99625, 5.25375, 5.50375, 6.62125], "texture": "#0"},
				"west": {"uv": [5.50375, 5.25375, 5.99625, 6.62125], "texture": "#0"},
				"up": {"uv": [4.99625, 3.99625, 4.50375, 3.50375], "texture": "#0"},
				"down": {"uv": [5.49625, 3.50375, 5.00375, 3.99625], "texture": "#0"}
			}
		}
	],
	"display": {
		"thirdperson_righthand": {
			"translation": [0, 2.25, -1],
			"scale": [0.1, 0.1, 0.1]
		},
		"thirdperson_lefthand": {
			"translation": [0, 2.25, -0.25],
			"scale": [0.1, 0.1, 0.1]
		},
		"firstperson_righthand": {
			"translation": [0.75, 3.75, 0],
			"scale": [0.1, 0.1, 0.1]
		},
		"firstperson_lefthand": {
			"translation": [1.25, 4, 0],
			"scale": [0.1, 0.1, 0.1]
		},
		"ground": {
			"translation": [0, -1.5, 0],
			"scale": [0.1, 0.1, 0.1]
		},
		"gui": {
			"rotation": [21, 14, 0],
			"translation": [0, 1.25, 0],
			"scale": [0.3, 0.3, 0.3]
		},
		"head": {
			"translation": [0, 4.75, 0],
			"scale": [2, 2, 2]
		},
		"fixed": {
			"translation": [0, 39.75, 17.25]
		}
	},
	"groups": [
		0,
		{
			"name": "group",
			"origin": [4.91347, 0, 1.375],
			"color": 0,
			"children": [1, 2, 3, 4, 5, 6, 7, 8]
		},
		{
			"name": "group",
			"origin": [0, 0, 0],
			"color": 0,
			"children": [9, 10, 11]
		}
	]
}