{
	"credit": "quiktori",
	"texture_size": [128, 128],
	"textures": {
		"0": "items/tower1",
		"particle": "items/tower1"
	},
	"elements": [
		{
			"from": [0, -16, 0],
			"to": [16, -14, 16],
			"faces": {
				"north": {"uv": [7.375, 3.75, 9.375, 4], "texture": "#0"},
				"east": {"uv": [7.375, 4, 9.375, 4.25], "texture": "#0"},
				"south": {"uv": [4.25, 7.375, 6.25, 7.625], "texture": "#0"},
				"west": {"uv": [7.375, 4.25, 9.375, 4.5], "texture": "#0"},
				"up": {"uv": [2, 2, 0, 0], "texture": "#0"},
				"down": {"uv": [2, 0, 0, 2], "texture": "#0"}
			}
		},
		{
			"from": [2, -14, 2],
			"to": [14, 1, 14],
			"faces": {
				"north": {"uv": [0, 4, 1.5, 5.875], "texture": "#0"},
				"east": {"uv": [0, 4, 1.5, 5.875], "texture": "#0"},
				"south": {"uv": [1.5, 4, 0, 5.875], "texture": "#0"},
				"west": {"uv": [0, 4, 1.5, 5.875], "texture": "#0"},
				"up": {"uv": [6.5, 1.5, 5, 0], "texture": "#0"},
				"down": {"uv": [6.5, 1.5, 5, 3], "texture": "#0"}
			}
		},
		{
			"from": [6.375, 7.375, 6.125],
			"to": [10.375, 11.375, 10.125],
			"rotation": {"angle": 0, "axis": "y", "origin": [0, 0.625, 0]},
			"faces": {
				"north": {"uv": [5, 3, 5.5, 3.5], "texture": "#0"},
				"east": {"uv": [5, 3.5, 5.5, 4], "texture": "#0"},
				"south": {"uv": [5.5, 3, 6, 3.5], "texture": "#0"},
				"west": {"uv": [5.5, 3.5, 6, 4], "texture": "#0"},
				"up": {"uv": [7, 3, 6.5, 2.5], "texture": "#0"},
				"down": {"uv": [6.75, 7.375, 6.25, 7.875], "texture": "#0"}
			}
		},
		{
			"from": [3.375, 5, 6.125],
			"to": [13.375, 6, 16.125],
			"rotation": {"angle": -22.5, "axis": "x", "origin": [0, 0.625, 0]},
			"faces": {
				"north": {"uv": [4.25, 7.625, 5.5, 7.75], "texture": "#0"},
				"east": {"uv": [6.75, 7.625, 8, 7.75], "texture": "#0"},
				"south": {"uv": [7.75, 0, 9, 0.125], "texture": "#0"},
				"west": {"uv": [7.75, 0.125, 9, 0.25], "texture": "#0"},
				"up": {"uv": [7.25, 5.75, 6, 4.5], "texture": "#0"},
				"down": {"uv": [7.75, 0, 6.5, 1.25], "texture": "#0"}
			}
		},
		{
			"from": [6.5, 4.125, 3.25],
			"to": [16.5, 5.125, 13.25],
			"rotation": {"angle": 22.5, "axis": "z", "origin": [0, 0.625, 0]},
			"faces": {
				"north": {"uv": [7.75, 0.25, 9, 0.375], "texture": "#0"},
				"east": {"uv": [7.75, 0.375, 9, 0.5], "texture": "#0"},
				"south": {"uv": [7.75, 0.5, 9, 0.625], "texture": "#0"},
				"west": {"uv": [7.75, 0.625, 9, 0.75], "texture": "#0"},
				"up": {"uv": [7.75, 2.5, 6.5, 1.25], "texture": "#0"},
				"down": {"uv": [8.375, 5.75, 7.125, 7], "texture": "#0"}
			}
		},
		{
			"from": [6.29635, -3.89894, 2.025],
			"to": [17.37135, 0.70106, 13.975],
			"rotation": {"angle": 22.5, "axis": "z", "origin": [3.37135, -9.92394, 0]},
			"faces": {
				"north": {"uv": [2.875, 7.375, 4.25, 8], "texture": "#0"},
				"east": {"uv": [7.25, 5.125, 8.75, 5.75], "texture": "#0"},
				"south": {"uv": [4.25, 7.375, 2.875, 8], "texture": "#0"},
				"west": {"uv": [0, 7.375, 1.5, 8], "texture": "#0"},
				"up": {"uv": [7.125, 7.375, 5.75, 5.875], "texture": "#0"},
				"down": {"uv": [7.375, 3, 6, 4.5], "texture": "#0"}
			}
		},
		{
			"from": [2, 17, 2],
			"to": [14, 32, 14],
			"rotation": {"angle": 0, "axis": "y", "origin": [16, 18, 0]},
			"faces": {
				"north": {"uv": [1.5, 5.875, 0, 4], "texture": "#0"},
				"east": {"uv": [1.5, 5.875, 0, 4], "texture": "#0"},
				"south": {"uv": [0, 5.875, 1.5, 4], "texture": "#0"},
				"west": {"uv": [1.5, 5.875, 0, 4], "texture": "#0"},
				"up": {"uv": [5, 3, 6.5, 1.5], "texture": "#0"},
				"down": {"uv": [5, 0, 6.5, 1.5], "texture": "#0"}
			}
		},
		{
			"from": [-1.37135, 17.29894, 2.025],
			"to": [9.70365, 21.89894, 13.975],
			"rotation": {"angle": 22.5, "axis": "z", "origin": [12.62865, 27.92394, 0]},
			"faces": {
				"north": {"uv": [4.25, 8, 2.875, 7.375], "texture": "#0"},
				"east": {"uv": [1.5, 8, 0, 7.375], "texture": "#0"},
				"south": {"uv": [2.875, 8, 4.25, 7.375], "texture": "#0"},
				"west": {"uv": [8.75, 5.75, 7.25, 5.125], "texture": "#0"},
				"up": {"uv": [6, 4.5, 7.375, 3], "texture": "#0"},
				"down": {"uv": [5.75, 5.875, 7.125, 7.375], "texture": "#0"}
			}
		}
	],
	"display": {
		"thirdperson_righthand": {
			"translation": [0, 2, -0.25],
			"scale": [0.2, 0.2, 0.2]
		},
		"thirdperson_lefthand": {
			"translation": [0, 2.5, 0],
			"scale": [0.2, 0.2, 0.2]
		},
		"firstperson_righthand": {
			"translation": [1.75, 3.25, 0],
			"scale": [0.2, 0.2, 0.2]
		},
		"firstperson_lefthand": {
			"translation": [2.5, 3.25, 0],
			"scale": [0.2, 0.2, 0.2]
		},
		"ground": {
			"translation": [0, 1.25, 0],
			"scale": [0.2, 0.2, 0.2]
		},
		"gui": {
			"rotation": [15, 41, 0],
			"scale": [0.3, 0.3, 0.3]
		},
		"head": {
			"translation": [0, 53, 0],
			"scale": [4, 4, 4]
		},
		"fixed": {
			"translation": [0, 28, 15.75],
			"scale": [0.5, 0.5, 0.5]
		}
	},
	"groups": [
		0,
		1,
		2,
		3,
		4,
		5,
		6,
		7,
		{
			"name": "group",
			"origin": [5.27708, 0.44503, 0],
			"color": 0,
			"children": []
		}
	]
}